{
	"1" : [ 0.23921568627451, 0.709803921568627, 0.282352941176471, 1.0 ],
	"2" : [ 0.062745098039216, 0.270588235294118, 0.819607843137255, 1.0 ],
	"3" : [ 0.819607843137255, 0.682352941176471, 0.062745098039216, 1.0 ],
	"4" : [ 0.819607843137255, 0.062745098039216, 0.062745098039216, 1.0 ],
	"5" : [ 0.858823529411765, 0.858823529411765, 0.858823529411765, 1.0 ]
}
