{
	"0" : [ 0.49, 0.49, 0.49, 0.70],
	"1" : [ 0.23921568627451, 0.709803921568627, 0.282352941176471, 0.70 ],
	"2" : [ 0.062745098039216, 0.270588235294118, 0.819607843137255, 0.70 ],
	"3" : [ 0.819607843137255, 0.682352941176471, 0.062745098039216, 0.70 ],
	"4" : [ 0.819607843137255, 0.062745098039216, 0.062745098039216, 0.70 ],
	"5" : [ 0.501960784313725, 0.717647058823529, 0.764705882352941, 0.70 ],
	"6" : [ 0.874509803921569, 0.250980392156863, 0.717647058823529, 0.70 ],
	"7" : [ 0.317647058823529, 0.709803921568627, 0.32156862745098, 0.70 ],
	"8" : [ 0.403921568627451, 0.109803921568627, 0.701960784313725, 0.70 ],
	"9" : [ 0.36078431372549, 0.36078431372549, 0.36078431372549, 0.70 ]
}
