{
	"1" : [ 0.23921568627451, 0.709803921568627, 0.282352941176471, 1.0 ],
	"2" : [ 0.062745098039216, 0.270588235294118, 0.819607843137255, 1.0 ],
	"3" : [ 0.819607843137255, 0.682352941176471, 0.062745098039216, 1.0 ],
	"4" : [ 0.819607843137255, 0.062745098039216, 0.062745098039216, 1.0 ],
	"5" : [ 0.501960784313725, 0.717647058823529, 0.764705882352941, 1.0 ],
	"6" : [ 0.874509803921569, 0.250980392156863, 0.717647058823529, 1.0 ],
	"7" : [ 0.317647058823529, 0.709803921568627, 0.32156862745098, 1.0 ],
	"8" : [ 0.403921568627451, 0.109803921568627, 0.701960784313725, 1.0 ],
	"9" : [ 0.36078431372549, 0.36078431372549, 0.36078431372549, 1.0 ]
}
